╀╁┼┽╊╄╃,will_star_degenerate
╀┾┼╀╇┼╆,zombify
╀╄┼╊┾╆╁╀╇,optimize_light_travel
╀┿┼┾╂╆╃╀╂,have_a_warning_nightmare
╀╀┼╇┾╂┼,witnessed_equilibrium
╀╆┼┼╄╂╁,illuminate
╀╂┼┼╃╆┽┼╇,may_witchcraft
╀╀┼╄╄╁┾,did_calm
╀╆┼╀╂╀╃,request_to_weed
╀╄┼┾╆╂╁,will_demonstrate
╀╁┼╁┽╄┼,will_eventually_serigraph
╀┽┼╂╁╂╄,check_pain
╀┿┼╄╇┼┽,will_fatally_debunk
╀╇┼╀╂┾╀,will_blossom_in_our_fantasy
╀╆┼┾╆╆╂╀┽,request_time_transport
╀╀┼╀┾┼╂,did_produce_anaesthesia
╀┽┼╇┼╁╇,enjoy_surprising
╀┾┼┽╀┼┿,slaughter
╀╄┼┿╇╁╃,will_become_insane
╀┾┼┾┿╁╇,improvise_a_surprise
╀┾┼╀┿╁╀,appease
