┾┼┼╄┽╀┾,pod_petroleum
┾┼┼┽╄╀╂,electrofish
┾┼┼╄┾┼╆,psychoanalyze
┾┼┼╂╇┾╊,scouting
┾┼┼┽┿┼┾,snatching_food
┾┼┼╊╀╁╂,alluring
┾┼┼╁╇╄╀,infrared_sensitive
┾┼┼┼╀╆╃┼┿,daydreaming
┾┼┼┾┽┼┿,governing
┾┼┼┼┼┼┿,recruiting
┾┼┼╆╂┼╄,geolocating
┾┼┼┾┿┼╇,architecting
┾┼┼╃╄╄╇,contrasting
┾┼┼╁╇╆┾╀╂,voiding
┾┼┼╁╇╂╁,filming
┾┼┼┼╆┾┽,land_flattening
┾┼┼╇╀╁┾,provocative
┾┼┼┼┾╁┿,depressed
┾┼┼╄╃╀╂,fish_rotting
┾┼┼╊┼┼╃,investing
┾╀┼╂╁╂╇╂,zen
┾╀┼╃┼┼┽,preaching
╄┼╃,unfortunately
╄┼╊,inefficiently
╄┼┾,slowly
╄┼╇,endlessly
╄┼╀,carelessly
╄┼┽,fortunately
╄┼╂,imperfectly
╄┼╁,perfectly
╄┼┼,carefully
╄┼╆,efficiently
╄┼┿,briefly
╄┼╄,fastly
╄╀┾,sometimes
╄╄╆,exceedingly
╄┾╄,probably
╄╁╀,recently
╄╄┼,hardly
╄┾╁,likely
╄┾┾,possibly
╄╁╄,currently
╄╁╁,soon
╄╄╂,fully
╄╁╆,ultimately
╄╁╂,eventually
╄╁┼,anciently
╄┾╂,certainly
╄╀╄,regularly
╄╄┾,mediocrely
╄╄╄,nearly
╄╄╀,somewhat
┼╀╀┾┼┼╊,trade_tower
┼╀╀╊╀┼┾,parlour
┼╀╀╂╀┼┼,corruption_den
┼╀╀┼╀╀┿,ultimate_art_gallery
┼╀╀╇┼╀┾,great_eye_of_war
┼╀╀╆┼┼┽,university
┼╀╀╊╀╀┽,call_center
┼╀╀╃╀┼╂,head_office
┼╀╀┽╀┼╁,farm
┼╀╀┾╀┼╇,shopping_mall
┼╀╀╄╀╀╀,hospital
┼╀╀╃┼╀╀,government_ministry
┼╀╀┿┼┼╆,forge
┼╀╀┽┼┼╃,dam
┼╀╀╇┼┼╆,castle
┼╀╀╀┼╀┼,underworld
┼╀╀┼╀┼╊,art_gallery
┼╀╀┾┼┼┿,bank
┼╀╀╀╀┼╂,manor_of_the_lost_souls
┼╀╀╁╀╀╇,housing_estate
┼╀╀┽┼┼╀,shed
┼╀╀╄╀┼┿,hospital
┼╀╀┽╀┼╀,cave
┼╀╀╃┼┼┼,underground_war_rooms
┼╀╀╂╀┼┽,prison
┼╀╀┾╀┼┾,shop
┼╀╀┾┼┼┾,market_stall
┼╀╀╊╀┼╂,post_office
┼╀╀╁┼┼╆,hotel
┼┼╆┾┼┼,high_altitude_balloon
┼┼╁┼,fear
┼┼╂╃,heat
┼┼╂┽,sexual_arousal
┼┼╂╂,perfume
┼┼╁╁,charm
┼┼┾╃,river
┼┼╄╇,white
┼┼┾┾,forest
┼┼╁╂,desire
┼┼┼╃,money
┼┼╀╂,fish
┼┼╀╇,spider
┼┼┼╊,transportation
┼┼╁┿,sorrow
┼┼╂╆,taste
┼┼╆╀╀┽,ship
┼┼┾╆,ocean
┼┼╀┽,mollusc
┼┼╆┽╀╀,magic_portal
┼┼╆┽┼┼,magic_void
┼┼╁╄,bored
┼┼╄╄,orange
┼┼╂╊,touch
┼┼╆╂╀╁,time_travel
┼┼╀╊,mammal
┼┼╁╀,angry
┼┼╀┼,amphibian
┼┼╆╄╀╁,fire_travel
┼┼┾╇,valley
┼┼╆┿╀╇,energy_field_travel
┼┼┾╁,mountain
┼┼┾╊,openground
┼┼┼╆,sentiment
┼┼╀┾,arthropod
┼┼╂╁,sight
┼┼╁┾,annoyed
┼┼┾╄,hill
┼┼╆┽┼╇,magic_portal
┼┼┼╄,any_landscape
┼┼╆╃┼╄,dream_travel
┼┼╄╊,blue
┼┼╄┿,farultraviolet
┼┼╀╀,annelid
┼┼╀┿,reptile
┼┼╁╊,happy
┼┼┾┼,canyon
┼┼╆┼┼╂,underpass
┼┼╆╆╀╂,ski
┼┼╁╆,dissatisfied
┼┼╂┿╀,infrared_sensitivity
┼┼╆╆┼╃,snowbike
┼┼╂╇┿,magnetoreception
┼┼╄╆,cyan
┼┼╆┽┼┾,mirror_image
┼┼╄╀,infrared
┼┼╄╁,yellow
┼┼╂┿┿,far_ultraviolet
┼┼╂┿╂,green
┼┼╄┼,black
┼┼╂┿╄,orange
┼┼╂┿┽,violet
┼┼╂┿╁,yellow_sensitivity
┼┼╂┿┾,red_sensitivity
┼┼╂┿╊,blue_sensitivity
┼┼╂┿╃,near_ultra_violet_sensitivity
┼┼╂┿┼,black_sensitivity
┼┼╂┿╇,white_sensitivity
┼┼╂┿╆,cyan_sensitivity
┼┼┾╂,oasis
┼┼┾╀,desert
┼┼┼┽,belief
┼┼┼╇,place
┼┼┼╁,any_organic
┼┼┼╂,any_sensation
┼┼╀╃,plant
┼┼╀╄,bird
┼┼╀╁,echinoderm
┼┼╁╃,madness
┼┼╁┽,jealousy
┼┼╂┼,balance
┼┼╂╇╆,ice_sensative
┼┼╂┾,hearing
┼┼╂╄,pain
┼┼╂╇┽,magic_awareness
┼┼╂╇╊,biosense
┼┼╂╇╄,firesense
┼┼╂╇╁,voidsense
┼┼╂╇╃,dreamwalker
┼┼╂╇╀,watersense
┼┼╂╇┼,earthsense
┼┼╂╇╂,timesense
╆┾╂,since
╆╀┾,but
╆╀╂,therefore
╆┾╄,before
╆┾╆,until
╆┾┾,where
╆┾╊,once
╆┼╆,unless
╆┼╁,xor
╆╀┼,if
╆┾╁,after
╆┼╂,except
╆┼╊,whether
┼╄┼╊,palette
┼╄╀╊,text_book
┼╀┼┼╂╀┼┿╆┼╄,bardus_diplocaulus
┼╀┼╃╀╆╀┽┾┼╂,desert_palm_tree
┼╀┼╇╇╆╀╄┾╀╁,violin_spider
┼╀┼┽╁┾╀╆╁╀╆,mountain_snail
┼╀┼╃╇╂╀┾╆┼┿,valley_rye
┼╀┼┼╄┾╀╊┼┼╂,hill_toad
┼╀┼╂╁╆╀╀╀╀╀,trout
┼╀┼╊╇╀┼╁╆╀╇,valley_fox
┼╀┼┼╊╆╀╁╀┼╊,eryops
╊┾╂,any
╊╀╂,each
╊┼╄,his_her
╊┾┾,many
╊╀┾,half
╊┼╁,other
╊┼╀,the
╊╀╆,every
╊╀╄,either
╊┾╁,some
╊┾╄,most
╊┼╂,another
╊┾╀,much
╊┼┾,this
╊┾┼,few
╊╂╆,6_11
╊╂╀,1_11
╊╄╄,last_of_these
╊╂╄,3_11
╊╂╃,9_11
╊╂╊,7_11
╊╂┾,2_11
╊╄╁,other_of_these
╊╁┽,this_place
╊╄┾,previous_of_these
╊╂╂,5_11
╊╁╀,this_action
╊╁╇,this_time_frame
╊╄┼,first_of_these
╊╁╊,this_person
╊╁╂,this_concept
╊╁┾,this_animal
╊╄╀,next_of_these
╊╁┿,this_thing
╊╂╁,4_11
╊╁╃,this_reason
╊╁╄,this_approach
╊╁╆,this_context
╊╁╁,this_characteristic
╊╂┽,8_11
╊╂┼,0_11
╊╂┿,10_11
╊╁┼,this
╊╂╇,11_11
┼┾┼╆,length
┼┾╀╆,golden_ratio
┼┾┼╇,volume
┼┾┼╁,force
┼┾┼┼,angle
┼┾┼┾,density
┼┾╄╇,visual_path
┼┾╁╁,rational_number
┼┾╆╀,backward_left
┼┾╊┾,chaos_pattern
┼┾╁╀,complex_number
┼┾╄┽,spiral
┼┾╊╄,wave_pattern
┼┾╆╄,forward
┼┾╆┼,backward
┼┾┼╊,mass
┼┾╁╂,real_number
┼┾┼┽,pressure
┼┾╁╄,natural_number
┼┾┼╃,temperature
┼┾╆┾,backward_right
┼┾╀╇,tangent
┼┾╄╁,fractal
┼┾┾╄,quadrilateral
┼┾┾╂,hexagon
┼┾╊╆,fractal_pattern
┼┾┾╃,decagon
┼┾┾╆,heptagon
┼┾╄╀,circle
┼┾╂┽,prime_number
┼┾╂╂,irrational_number
┼┾┾╇,dodecagon
┼┾╁┾,integer
┼┾╀╃,square_root
┼┾╄╂,lens
┼┾╊╁,bubble_pattern
┼┾╄╊,polyline
┼┾┾╀,line
┼┾╀┼,arcosine
┼┾╊╂,crack_pattern
┼┾┼╄,energy
┼┾╀╂,factorial
┼┾╂╃,transcendental_number
┼┾╆╁,forward_left
┼┾╆╊,right
┼┾╄╆,polygon
┼┾╀┿,square_root_2
┼┾╀╀,arcsine
┼┾╂╊,perfect_number
┼┾┼╂,frequency
┼┾╀╊,pi
┼┾╂┾,constructible_number
┼┾╄┿,star_polygon
┼┾╁┼,boolean
┼┾╊╊,spot_stripe_pattern
┼┾╄╄,ellipse
┼┾╄╃,star
┼┾┼╀,area
┼┾╊╀,spiral_pattern
┼┾┼┿,time
┼┾┾┽,nonagon
┼┾╀┽,sine
┼┾╀╁,euler_number
┼┾╊┼,symmetry_pattern
┼┾╄┾,crescent
┼┾╂╄,even_number
┼┾╀╄,cosine
┼┾┾╁,pentagon
┼┾╄┼,annulus
┼┾╂┼,algebraic_number
┼┾╀┾,arctangent
┼┾┾┾,triangle
┼┾╂╇,infinity
┼┾╂╁,fibonacci_number
┼┾╂╁,fibonacci_number
┼┾╂┿,negative_infinity
┼┾╂╀,computable_number
┼┾┾┼,dot
┼┾┾╊,octagon
┼┾┾┿,hendecagon
┼╀┾┼┽┽,radium
┼╀┾┼╆╀,promethium
┼╀┾┼╄╁,selenium
┼╀┾┼╂┼,tin
┼╀┾┼┼╁,beryllium
┼╀┾┼╄╂,bromine
┼╀┾┼╀╁,silicon
┼╀┾┼┼╀,hydrogen
┼╀┾┼┾╁,chromium
┼╀┾┼╀┽,argon
┼╀┾┼╄╄,arsenic
┼╀┾┼╁╀,niobium
┼╀┾┼╀┼,neon
┼╀┾┼╀┾,magnesium
┼╀┾┼┼╃,fluorine
┼╀┾┼┾┾,titanium
┼╀┾┼┼╂,boron
┼╀┾┼╀╄,aluminium
┼╀┾┼┼╆,carbon
┼╀┾┼╀╀,sodium
┼╀┾┼┼┾,helium
┼╀┾┼┾┽,nickel
┼╀┾┼┼╄,lithium
┼╀┾┼┾╃,copper
┼╀┾┼┾╂,manganese
┼╀┾┼╀╂,phosphorus
┼╀┾┼╀╃,potassium
┼╀┾┼╀╊,chlorine
┼╀┾┼┼╊,nitrogen
┼╀┾┼┼┽,oxygen
┼╀┾┼┾┼,calcium
┼╀┾┼╀╆,sulfur
┼╀┾┼╄┾,germanium
┼╀┾┼┽┾,lead
┼╀┾┼╄╆,krypton
┼╀┾┼╄╊,rubydium
┼╀┾┼┾╆,iron
┼╀┾┼╊┽,platinium
┼╀┾┼┽┼,mercury
┼╀┾┼┾╄,vanadium
┼╀┾┼┽╀,thallium
┼╀┾┼╄╀,gallium
┼╀┾┼┾╊,cobalt
┼╀┾┼╊╃,gold
╂┼╆,including
╂┼╇,despite
╂┼╀,with
╂┼┾,at
╂┼┿,throughout
╂┼╂,during
╂┼╊,until
╂┼╃,among
╂┼╁,into
╂┼┽,against
╁╄╆,b_and_i
╁╁┼,p_and_i
╁╄┾,k_and_i
╁╁╆,b_and_co
╁╁┽,w_and_co
╁╄╂,d_and_i
╁╁┾,k_and_co
╁╁╃,j_and_co
╁╁╂,d_and_co
╁╄╃,j_and_i
╁╁╄,m_and_co
╁╄╄,m_and_i
╁╁╀,t_and_co
╁╁╁,n_and_co
╁╄┽,w_and_i
╁╄┼,p_and_i
╁╁╊,g_and_co
╁╄╊,g_and_i
╁╄╀,t_and_i
╁╄╁,n_and_i
╁╁┿,nobody_and_co
╁╄┿,nobody_and_i
┼╀┾╀╁┼╊,proxy_required_status
┼╀┾╀┾┼╁,no_content_status
┼╀┾╀╁╀┼,gone_status
┼╀┾╀╁┼╀,unauthorised_status
┼╀┾╀╁┼╃,conflict
┼╀┾╀╁┼╂,forbidden_action
┼╀┾╀╁┼┽,request_timeout
┼╀┾╀╁┼╄,forbidden_status
┼╀┾╀╁┼┾,payment_required
┼╀┾╀╁┼╆,no_suitable_asset
┼╀┾╀╁┼╁,asset_not_found
┼╀┾╀╁┼┼,bad_request
┼╀┾╀╁╀┾,failed_preconditions
┼╀┾╀╁╀╄,too_much_information
┼╀┾╀╁╀╀,dimension_required
┼╀┾╀╁╀╂,unknown_protocol
┼╀┾╀╁╀╆,range_not_satisfiable
┼╀┾╀╁╀┽,digital_moron
┼╀┾╀╁╀╊,failed_expectation
┼╀┾╀╁┾╃,too_many_requests
┼╀┾╀╁┾╂,too_early_status
┼╀┾╀╁┾╀,misdirected_request
┼╀┾╀╁┾╆,upgrade_required
┼╀┾╀╁╂╀,unavailable_for_legal_reasons
┼╀┾╀╂┼┾,bad_gateway
┼╀┾╀╂┼╄,droid_unavailable
┼╀┾╀╂┼╊,insufficient_storage
┼╀┾╀╂┼┼,failing_droid
┼╀┾╀╂┼┽,loopy_droid
┼╀┾╀╂┼╀,action_not_implemented
┼╀┾╀╂┼╁,gateway_timeout
┼╀┾╀╄┼╁,unaltered_asset
┼╀┾╀╄┼┼,multiple_choice
┼╀┾╀┾┼┼,ok
┼╀┾╀┾┼╀,created_asset
┼╀┾╀┾┼┾,request_accepted
╀╁┼┽╊╄╃,will_star_degenerate
╀┾┼╀╇┼╆,zombify
╀╄┼╊┾╆╁╀╇,optimize_light_travel
╀┿┼┾╂╆╃╀╂,have_a_warning_nightmare
╀╀┼╇┾╂┼,witnessed_equilibrium
╀╆┼┼╄╂╁,illuminate
╀╂┼┼╃╆┽┼╇,may_witchcraft
╀╀┼╄╄╁┾,did_calm
╀╆┼╀╂╀╃,request_to_weed
╀╄┼┾╆╂╁,will_demonstrate
╀╁┼╁┽╄┼,will_eventually_serigraph
╀┽┼╂╁╂╄,check_pain
╀┿┼╄╇┼┽,will_fatally_debunk
╀╇┼╀╂┾╀,will_blossom_in_our_fantasy
╀╆┼┾╆╆╂╀┽,request_time_transport
╀╀┼╀┾┼╂,did_produce_anaesthesia
╀┽┼╇┼╁╇,enjoy_surprising
╀┾┼┽╀┼┿,slaughter
╀╄┼┿╇╁╃,will_become_insane
╀┾┼┾┿╁╇,improvise_a_surprise
╀┾┼╀┿╁╀,appease
