accessible,todo
active,todo
admirable,todo
aggressive,todo
agreeable,todo
aimless,todo
alert,todo
aloof,todo
ambitious,todo
amiable,todo
amusing,todo
angry,todo
anxious,todo
arbitrary,todo
artful,todo
artificial,todo
athletic,todo
barbaric,todo
benevolent,todo
bizarre,todo
bland,todo
blunt,todo
brilliant,todo
brutal,todo
busy,todo
calculating,todo
callous,todo
calm,todo
capable,todo
careless,todo
cautious,todo
charming,todo
cheerful,todo
childish,todo
clean,todo
clever,todo
clumsy,todo
coarse,todo
cold,todo
compassionate,todo
competitive,todo
complacent,todo
conceited,todo
confident,todo
confidential,todo
confused,todo
conscientious,todo
conservative,todo
considerate,todo
constant,todo
contradictory,todo
conventional,todo
cooperative,todo
courageous,todo
courteous,todo
cowardly,todo
crazy,todo
creative,todo
criminal,todo
critical,todo
crude,todo
cruel,todo
curious,todo
cute,todo
cynical,todo
daring,todo
decent,todo
decisive,todo
dedicated,todo
deep,todo
delicate,todo
dependent,todo
desperate,todo
destructive,todo
determined,todo
devious,todo
difficult,todo
dignified,todo
directed,todo
dirty,todo
discontented,todo
discourteous,todo
discreet,todo
dishonest,todo
dissolute,todo
dogmatic,todo
dominating,todo
dramatic,todo
driving,todo
dry,todo
dull,todo
earnest,todo
educated,todo
elegant,todo
eloquent,todo
emotional,todo
enigmatic,todo
enthusiastic,todo
envious,todo
esthetic,todo
exciting,todo
expedient,todo
experimental,todo
extraordinary,todo
extreme,todo
fair,todo
faithful,todo
faithless,todo
fawning,todo
fearful,todo
fickle,todo
fiery,todo
firm,todo
fixed,todo
flamboyant,todo
foolish,todo
forgetful,todo
formal,todo
forthright,todo
friendly,todo
frivolous,todo
frugal,todo
gallant,todo
generous,todo
gentle,todo
genuine,todo
gloomy,todo
good-natured,todo
graceless,todo
gracious,todo
grand,todo
greedy,todo
grim,todo
hateful,todo
haughty,todo
healthy,todo
helpful,todo
honest,todo
honorable,todo
humble,todo
humorous,todo
ignorant,todo
imaginative,todo
impassive,todo
impatient,todo
imprudent,todo
incisive,todo
incorruptible,todo
independent,todo
indulgent,todo
inert,todo
inoffensive,todo
insincere,todo
intelligent,todo
intense,todo
invisible,todo
irascible,todo
irrational,todo
irresponsible,todo
kind,todo
lazy,todo
leisurely,todo
liberal,todo
loyal,todo
magnanimous,todo
malicious,todo
maternal,todo
mature,todo
mechanical,todo
mellow,todo
messy,todo
methodical,todo
miserable,todo
misguided,todo
mistaken,todo
moderate,todo
modern,todo
modest,todo
monstrous,todo
moody,todo
morbid,todo
mystical,todo
narrow,todo
neat,todo
neutral,todo
obedient,todo
objective,todo
obnoxious,todo
observant,todo
obvious,todo
odd,todo
open,todo
oppressed,todo
orderly,todo
ordinary,todo
organized,todo
original,todo
outrageous,todo
outspoken,todo
passionate,todo
passive,todo
patient,todo
patriotic,todo
peaceful,todo
persuasive,todo
perverse,todo
petty,todo
physical,todo
playful,todo
plodding,todo
polished,todo
political,todo
pompous,todo
popular,todo
practical,todo
prejudiced,todo
preoccupied,todo
presumptuous,todo
private,todo
profound,todo
progressive,todo
protean,todo
proud,todo
providential,todo
provocative,todo
prudent,todo
punctual,todo
pure,todo
questioning,todo
quiet,todo
rational,todo
reactionary,todo
reflective,todo
regimental,todo
reliable,todo
religious,todo
repentant,todo
reserved,todo
respectful,todo
responsible,todo
responsive,todo
restrained,todo
retiring,todo
ridiculous,todo
rigid,todo
romantic,todo
ruined,todo
rustic,todo
sage,todo
sane,todo
scornful,todo
secure,todo
selfish,todo
sensual,todo
sentimental,todo
serious,todo
shallow,todo
sharing,todo
shrewd,todo
shy,todo
silly,todo
simple,todo
skeptical,todo
slow,todo
sly,todo
smooth,todo
sober,todo
soft,todo
solemn,todo
solid,todo
solitary,todo
sordid,todo
spontaneous,todo
sporting,todo
stable,todo
steadfast,todo
steady,todo
stern,todo
stiff,todo
stoic,todo
strict,todo
strong,todo
stubborn,todo
studious,todo
stupid,todo
subjective,todo
submissive,todo
subtle,todo
superficial,todo
suspicious,todo
sweet,todo
sympathetic,todo
tasteless,todo
thorough,todo
thoughtless,todo
tidy,todo
timid,todo
tolerant,todo
tough,todo
treacherous,todo
troublesome,todo
trusting,todo
understanding,todo
unfathomable,todo
ungrateful,todo
unhealthy,todo
unpolished,todo
unrestrained,todo
unstable,todo
upright,todo
urbane,todo
vague,todo
venomous,todo
warm,todo
weak,todo
winning,todo
wise,todo
wishful,todo
witty,todo
youthful,todo
zany,todo
