about page,6107
accept action,2901224
accept,2901
accepted answer,2901549
accepted offer,290150
accepted payment method,290150341305
accepts reservations,290173824
access code,29925
access mode sufficient,2993590241
access mode,29935
accessibility api,299661
accessibility control,29966124176
accessibility feature,299661012
accessibility hazard,29966135
accessibility summary,299661937
accommodation,23524
account id,2415
accountable person,24166094
accounting service,2414989
achieve action,128224
acid breaks,95672
acid house,959
acid jazz,9573
acid rock,9572
acid techno,95124
acid trance,951749
acidic,952
acorn squash,249282
acquired from,28073
acrylic,2762
actinium,2143
action application,22406224
action collab class,224266269
action option,224024
action platform,22406103
action status type,224911910
action status,2249119
action,224
activate action,2181224
active action status,2182249119
actor,21
additional name,524643
additional number of guests,5246436891
additional property,52460701
additional type,524610
address country,5792417
address locality,5796261
address region,579774
administrative area,534917187
admire,53
admit,531
adult entertainment,5614114341
advance booking requirement,5849624728341
advise,583
affiliation,0624
affirmative,0318
aggregate offer,710
aggregate rating,71714
aggregate,71
agree action,7224
agreement,7341
aircraft,2701
album production type,66307522410
album release type,66376910
album release,663769
album,663
alcoholic,6262
alfalfa sprout,60609071
alignment object,643416721
alignment type,6434110
all wheel drive configuration,686578240724
alligator pepper,6100
allocate action,621224
allspice,6909
alpaca,602
also known as,69443
alternate name,614143
alternative dance,61418549
alternative headline,61418564
alternative metal,61418316
alternative rock,6141872
aluminum,6343
alumni of,63498
alumni,6349
amaranth,3740
ambient dub,364156
ambient house,36419
ambient techno,3641124
ambient,3641
amenity feature,341012
americium,37993
amount of this good,3418995
ampere,30
amuse,393
amusement park,39334102
angelica,4762
angular,496
animal shelter,436261
anise,49
announce,449
annual percentage rate,4960941771
answer count,49241
answer,49
anthropoid,40705
anti folk,4102
any of,48
apartment complex,01341230629
apartment,01341
apologise,0673
append,045
application category,06224217
application suite,06224981
applies to delivery method,0615687305
applies to payment method,0610341305
apply action,06224
appreciate,0721
approve,078
approximate,072931
apricot,0721
aquarium,2873
aromatic ginger,7312747
arrange,744
arrest,791
arrival airport,78601
arrival bus stop,78669910
arrival gate,7861
arrival platform,78606103
arrival station,7869124
arrival terminal,7861346
arrival time,78613
arrive action,78224
arrive,78
art edition,1524
art gallery,167
art medium,1353
art punk,1042
artichoke,1122
article body,12665
article section,1269224
article,126
artwork surface,182909
asafoetida,9015
asbestos,36919
asian underground,4445745
ask action,92224
asparagus,9079
asphalt,9061
assembly version,9366824
assess action,99224
assign action,94224
assign,94
associated article,9215126
associated media,921535
astringent,9174441
at present,107341
at that time,19113
attach,112
attendee,145
audience type,54910
audience,549
audio object,56721
audiobook format,562031
authorize action,073224
auto body shop,16520
auto dealer,156
auto parts store,10191
auto rental,17416
auto wash,182
autolytic,1699
automated teller,13116
automotive business,13186349
automotive ontology wgclass,13184167
availability ends,8666145
availability starts,86661911
availability,86661
available at or from,86661073
available channel,86661246
available delivery method,86665687305
available from,8666073
available language,86666487
available on device,86664589
available through,866607
avant garde jazz,873
avocado,825
away team,813
baked,621
bakery,627
balance,6649
balanced,66491
balearic beat,667261
ballistic nylon,66912464
ballot,661
baltimore club,6613266
banana ketchup,6442120
banana squash,6449282
banana,644
bank account,642241
bank or credit union,64227519494
bar or pub,606
barathea,670
barbecue sauce,662999
barcode,625
barnyard,6495
base salary,69967
basil,636
bassline,69646964
bat,61
battle,616
be visible,68366
beach,612
bean sprout,649071
beat music,613932
beau monde seasoning,69344
beauty salon,691964
bebop,660
because of,6238
bed and breakfast,6545672091
bed details,65516
bed,65
bedford cord,650756507525
before long,6064
befriend action,60745224
belief,660
bell pepper,6600
belong,664
benefits,6401
bengaline silk,6464962
berkelium,6263
beryllium,6763
best rating,691714
beta cloth,61260
bib ex term,662913
bilberry,6667
billing address,664579
billing increment,664427341
billing period,664075
birth date,6051
birth place,60069
bismuth,6330
bitter,61
bizarre silk,63962
black bean,66264
black cardamom,6622533
black eyed pea,66250
black metal,662316
black mustard,6623915
black peppercorn,6620024
black vinegar,66284
blackberry,66267
blackcurrant,6622741
bleach,6612
bless,669
blind,6645
blink,6642
blog post,66091
blog posting,660914
blog posts,66091
blood orange,665744
blueberry,6667
blush,662
boarding group,65470
boarding policy type,65406910
boarding policy,654069
boast,691
bobbinet,6641
body of water,65881
bohrium,673
boiled wool,6686
boldo,665
bolivian coriander,66842745
bolt,661
bombazine,63634
book edition,62524
book format type,6203110
book format,62031
book series,62973
booking agent,624741
booking time,62413
bookmark action,6232224
boolean,664
borrow action,67224
bossa nova,48
bounce,649
bouncy house,6499
bouncy techno,649124
bowling alley,6646
box,629
boysenberry,63467
branch code,674225
branch of,67428
branch,6742
brand,6745
brazilian pepper,6736400
breadcrumb list,675273691
breadcrumb,675273
breadfruit,675071
breakbeat hardcore,67261
breakbeat,67261
breathe,679
brewery,677
bridge,677
bright,671
brilliance,676949
brilliantine,6769414
british dance,6712549
britpop,67100
broad beans,67564
broadcast affiliate of,6752910618
broadcast channel id,67529112465
broadcast channel,6752911246
broadcast display name,675291590643
broadcast event,675291841
broadcast of event,6752918841
broadcast release,675291769
broadcast service tier,6752919891
broadcast service,675291989
broadcast timezone,675291
broadcaster,675291
broadcloth,675260
brocade,6725
broccoflower,672067672067
broccoli,6726
broken beat,672461
brown mustard,6743915
browser requirements,673728341
bruise,673
brush,672
brussels sprout,679639071
bubble,666
bubblegum dance,6663549
buckram,6273
buddhist temple,65911306
bump,630
bunting,6414
burlap,660
bus name,6943
bus number,69436
bus reservation,6973824
bus station,699124
bus stop,69910
bus trip,69170
business audience,6349549
business entity type,634941110
business event,6349841
business function,63490424
butternut squash,61419282
buttery,617
by artist,6191
cabbage,267
cable or satellite service,2669161989
cadmium,2533
cafe or coffee shop,202020
calabrese,26679
calcium,2693
calculate,262961
calico,262
californium,26043
calories,267
cambric,23672
camp,230
campground,230745
camping pitch,2302304012
canal,246
canary melon,247364
cancel action,2496224
cancel,2496
candidate,24551
cantaloupe,24160
canterbury scene,2416794
canvas,2489
cape jazz,2073
caption,2024
caraway,278
carbohydrate content,2657124141
carbon fiber,26406
cardamom,2533
cargo volume,28693
carpet,201
carrier requirements,27728341
carrot,271
cashmere,223
casino,294
cassette format,291031
cassis,299
cat pee,210
catalog number,216436
catalog,216
category,217
catholic church,20621212
cauliflower,2606
cause,23
cayenne pepper,2400
cedar bark,9562
celeriac,9672
celery powder,96705
celery seed,96795
celery,967
celtic metal,2612316
celtic punk,2612042
celtic,2612
cement,9341
cemetery,9317
ceramic tile,973216
cesium,933
chaat masala,121396
challenge,12644
chamber jazz,123673
chambray,2367
chamomile,2336
change,1244
char cloth,12260
character attribute,272117691
character name,272143
charcoal,1226
charmeuse,233
chase,129
cheat code,12125
cheat,121
check action,122224
check in action,1224224
check out action,1221224
checkin time,122413
checkout page,122107
checkout time,122113
cheesecloth,123260
chenille,246
cherimoya,1273
cherry,127
chervil,1286
chewy,12
chicago house,229
chickpea,1220
chiffon,204
child care,12652
child max age,12653297
child min age,1265347
chili oil,1266
chili pepper,12600
chili powder,12605
chili sauce,12699
chill out,1261
chimichurri,123127
chinese rock,124372
chino,124
chintz,1249
chives,1283
chocolaty,12261
choke,122
cholesterol content,26917624141
choose action,123224
chop,120
christian metal,279124316
christian punk,279124042
christian rock,27912472
chromium,2733
church,1212
chutney,1214
cicely,996
cigar box,9629
cilantro,96417
cinder block,945662
cinnamon,9434
citation,9124
city hall,916
civic structure,982917212
claim reviewed,263789
claim,263
classic trance,26921749
clean,264
clementine,263414
clip number,260436
clip,260
close,269
closed,2635
closes,269
cloth of gold,260865
clothing store,269491
cloudberry,26567
clove,268
coach,212
cobalt,2661
cocktail sauce,221699
coconut,2241
code repository,2570317
code sample type,25930610
code,25
coefficient,20241
collard green,26574
collect,2621
collection page,2622407
collection,26224
college or university,26794891
colour,26
comedy club,235266
comedy event,235841
command,2345
comment action,2341224
comment count,2341241
comment permission,23410324
comment text,23411291
comment time,234113
comment,2341
communicate action,239421224
communicate,239421
compare,230
compete,2301
competitor,23011
compilation album,230624663
complain,23064
complete,23061
completed action status,230612249119
complex,230629
composer,2303
compound price specification,230450799090224
computer language,230916487
computer store,2309191
concentrate,2494171
concentrated,24941715
concern,2494
concrete,24271
conductive,245218
confess,2409
confirm action,2403224
confirmation number,240324436
confuse,24093
connected,2421
consider,2495
considering,249574
consist,24991
consume action,24993224
contact option,24121024
contact page,2412107
contact point option,24121041024
contact point,24121041
contact points,24121041
contact type,2412110
contain,2414
contained in place,24144069
contained in,24144
contains place,2414069
contains season,2414934
contemporary folk,241307702
content location,241416224
content rating,24141714
content size,2414193
content type,2414110
content url,24141976
continent,241441
continental jazz,241441673
continue,24149
contributor,2417691
control action,24176224
convenience store,24844991
conversation,248924
cook action,22224
cook time,2213
cooking method,224305
cool jazz,2673
coolmax,26329
copy,20
copyright holder,207165
copyright year,20719
cordura,2597
corduroy,257
coriander leaf,274560
coriander seed,274595
corked,221
corn salad,24965
corn,24
corporation,20724
correct,2721
cosmic disco,2332592
cotton,214
cough,20
count,241
countries not supported,241741901
countries supported,2417901
country of origin,24178774
country,2417
country,2417
courgette,241
course code,2925
course instance,2949149
course mode,2935
course prerequisites,290772831
courthouse,219
coverage end time,28774513
coverage start time,287791113
cowpunk,2022042
crab boil,27666
cranberry,27467
crape,270
crawl,276
creamy,273
create action,271224
creative work season,271882934
creative work series,271882973
creative work,271882
creator,271
credit card,275125
credited to,27511
crematorium,273173
cretonne,2714
crimplene,273064
crisp,2790
cross,279
crossover jazz,279873
crossover thrash,2798072
crunk,2742
crush,272
crushed red pepper,2727500
crust punk,2791042
cubeb,2966
cubic,2962
cucumber,29236
cumin,234
curium,2973
currant,2741
currencies accepted,274929015
currency conversion service,274924824989
currency,2749
currency,2749
curry ketchup,272120
curry leaf,2760
curry powder,2705
customer,2913
cut,21
daikon,524
dam,53
damage,537
damaged condition,53724524
damask,5392
damson,5334
dance event,549841
dance group,54970
dance pop,54900
dance punk,549042
dance rock,54972
dark ambient,523641
dark cabaret,52267
dark electro,526217
dark wave,5288
darkside jungle,746
darmstadtium,539113
data catalog,51216
data download,515465
data feed element,51056341
data feed item,510513
data feed,5105
data type,5110
dataset class,269
dataset time interval,134186
date created,51271
date deleted,51561
date issued,512
date modified,51350
date posted,51091
date published,510662
date read,5175
date received,51798
date sent,51941
date time,5113
date vehicle first registered,518260917791
dated money specification,515349090224
dateline,5164
day of week,5882
dazzle,536
deactivate action,52181224
death date,5051
death industrial,50459176
death metal,50316
death place,50069
decay,52
deceive,598
decide,595
decorate,5271
decrease,5279
deep house,509
default value,5061869
defence establishment,504991662341
degree,57
delete action,561224
delight,561
deliver,568
delivery address,5687579
delivery charge specification,56871279090224
delivery event,5687841
delivery lead time,56876513
delivery method,5687305
delivery status,56879119
demand,5345
demo album,53663
denim,543
dense,549
dentist,54191
depart action,501224
department store,50134191
department,501341
departure airport,501201
departure bus stop,501269910
departure gate,50121
departure platform,501206103
departure station,50129124
departure terminal,50121346
departure time,501213
depend,5045
dependencies,504549
deposit account,5031241
depth,500
describe,59276
description,5927024
desert rock,53172
deserve,538
destroy,5917
detect,5121
detroit techno,5171124
develop,5860
diabetic diet,561251
digital audio tape format,5716510031
digital document permission type,5716529341032410
digital document permission,57165293410324
digital document,5716529341
digital format,5716031
digital hardcore,5716
dijon ketchup,72120
dijon mustard,73915
dill seed,5695
dill,56
dimensional lumber,534246636
dimity,531
dip,50
director,5721
directors,5721
disagree action,597224
disagree,597
disambiguating description,5936915927024
disappear,590
disapprove,59078
disarm,593
disco polo,59206
disco,592
discontinued,59241495
discount code,5924125
discount currency,592412749
discount,59241
discover action,5928224
discover,5928
discusses,5929
discussion forum posting,592240730914
discussion url,59224976
dislike action,5962224
dislike,5962
dissolution date,5962451
distance,59149
distribution,59176924
diva house,589
divide,585
dixieland,529645
djmix album,663
donate action,541224
donegal tweed,546185
doom metal,53316
door time,513
double,566
download action,5465224
download url,5465976
downvote count,5481241
drag,57
draw action,57224
dream house,5739
dream pop,57300
dream trance,5731749
dream,573
dress,579
dried lime,57563
drill,576
drink action,5742224
drive wheel configuration value,57886240724869
drive wheel configuration,57886240724
drone metal,574316
drop,570
dropoff location,57006224
dropoff time,570013
drown,574
drugget,571
drum and bass,5734569
drum,573
dry cleaning or laundry,572646457
dry,57
dubnium,5643
dubstep,56910
duck,52
dunedin sound,5454945
duration of warranty,5972488741
duration,59724
durian,574
dust,591
dutch house,5129
dysprosium,590733
e textiles,12916
east asian pepper,914400
ebook,62
editor,51
educate,5921
education event,59224841
education requirements,59224728341
educational alignment,59224664341
educational audience,592246549
educational framework,59224607382
educational organization,5922464324
educational role,59224676
educational use,59224693
eggplant,0641
eight bits,161
einsteinium,49143
elderberry,6567
electrician,621724
electro backbeat,62176261
electro grime,621773
electro house,62179
electro industrial,6217459176
electro,6217
electroacoustic,62172912
electronic art music,62174213932
electronic rock,62174272
electronica,621742
electronics store,621742991
electropop,621700
elegant,641
elementary school,63417926
elevation,6824
eligible customer type,6766291310
eligible duration,676659724
eligible quantity,676628411
eligible region,6766774
eligible transaction volume,676617432248693
email message,36397
email,36
embarrass,3679
embassy,369
embed url,365976
emergency service,3749989
employee role,30676
employee,306
employees,306
employment agency,306341749
employment type,30634110
empty,31
encodes creative work,425271882
encoding format,425031
encoding type,42510
encoding,425
encodings,425
encourage,4277
end time,4513
endive,458
endorse action,459224
engine specification,4749090224
entertain,4114
entertainment business,41143416349
entry point,417041
enumeration,493724
epazote,031031
epic doom,0253
episode number,095436
episode,095
episodes,095
equal,286
estimated flight duration,913106159724
ethereal wave,07688
ethnic electronica,042621742
euro disco,97592
european free jazz,97040773
europium,9703
event cancelled,8412496
event postponed,8410904
event rescheduled,84172596
event reservation,84173824
event scheduled,84125965
event status type,841911910
event status,8419119
event venue,841849
event,841
every of,878
examine,334
example of work,3306882
excuse,29293
executable library name,329166667743
exercise action,2993224
exercise course,299329
exercise gym,299373
exercise,2993
exhibition event,29624841
exif data,51
expand,29045
expect,29021
expected arrival from,29021786073
expected arrival until,29021786416
expects acceptance of,290212901498
experience requirements,290749728341
experimental rock,2907341672
expires,290
explain,29064
explain,29064
explode,29065
exponent,290441
expressive,290798
extend,29145
extracted,291721
fade,05
failed action status,0652249119
fallen over,0648
family name,03643
fast food restaurant,09105791741
fat content,0124141
fax number,029436
feature list,012691
fees and commissions specification,04523249090224
female,036
fence,049
fennel,046
fenugreek,04972
fermium,033
festival,09186
fiber content,0624141
fibonacci,06412
file format,06031
file size,0693
film action,063224
financial product,0442607521
financial service,04426989
find action,045224
fire station,09124
first performance,09100349
fish paste,02091
fish sauce,0299
five spice powder,0890905
fix,029
flabby,066
flamboyant,063641
flannel,0646
flap,060
flight distance,06159149
flight number,061436
flight reservation,06173824
flight,061
float,061
flood,065
floor size,0693
flops,060
florida breaks,0675672
florist,06791
fold,065
folk punk,02042
folktronica,021742
food establishment reservation,059166234173824
food establishment,0591662341
food event,05841
food friendly,050746
food service,05989
form,03
foulard,06
founder,045
founding date,04551
founding location,0456224
four wheel drive configuration,086578240724
foxy,029
fraction,07224
francium,07493
freak folk,07202
freestyle house,079169
freestyle,07916
french house,07429
friday,075
frighten,0714
frisee,073
from location,0736224
front wheel drive configuration,074186578240724
fruit ketchup,0712120
fruit preserves,0710738
fry sauce,0799
fry,07
fuel consumption,096249324
fuel efficiency,0960249
fuel type,09610
funeral doom,0947653
funk metal,042316
funky house,0429
furniture store,041291
fustian,0914
gadolinium,5643
game platform,306103
game play mode,30635
game server status,3989119
game server,398
game tip,310
garage punk,74042
garage rock,7472
garam masala,396
garden store,5491
garlic chives,621283
garlic powder,6205
garlic salt,62961
gas station,99124
gated residence community,157354923941
gem squash,739282
gender type,74510
gender,745
general contractor,7476241721
geo circle,9926
geo coordinates,92541
geo midpoint,935041
geo radius,9759
geo shape,920
geographic area,770267
georgette,771
ghetto house,19
ginger,747
given name,8443
glam metal,63316
glam rock,6372
glass brick,69672
glass fiber,6906
glass wool,6986
glass,69
global location number,6666224436
glue laminate,66341
gluten free diet,6140751
goji berry,67
golf course,6029
good relations class,57624269
good relations terms,5762413
gooseberry,367
gothic metal,02316
gothic rock,0272
government building,843416654
government office,8434109
government organization,843414324
government permit,84341031
government service,84341989
grains of paradise,7480759
grains of selim,748
gram,73
grapefruit,70071
gravel,786
greater galangal,71646
greater or equal,71286
green bean,7464
green pepper,7400
green peppercorn,740024
grenadine,7454
grenfell cloth,7406260
grocery store,79791
groove metal,78316
grosgrain,774
group boarding policy,70654069
guacamole,8236
guarantee,741
guava,88
gypsum board,709365
habanero,647
haircloth,260
halal diet,6651
hard bop,560
hard dance,5549
hard rock,572
hard trance,51749
hardcover,528
hardware store,5891
harris tweed,79185
has course instance,82949149
has delivery method,85687305
has digital document permission,857165293410324
has map,830
has menu item,834913
has menu section,83499224
has menu,8349
has offer catalog,80216
has part,801
headline,564
health and beauty business,60456916349
health club,60266
hearing impaired supported,74305901
heavy metal,8316
help,60
help,60
herbaceous,629
herbal,66
herbes de provence,50789
herbs and spice,645909
hertz,19
high price,079
high ranking,7424
high school,926
hindu diet,4551
hindu temple,451306
hip house,09
hiring organization,4324
hobby shop,620
hodden,54
hoja santa,941263
holmium,633
holy basil,6636
home and construction business,345249172246349
home goods store,3591
home location,36224
home team,313
honey dill,456
honeydew,459
honorific prefix,470207029
honorific suffix,47029029
horror punk,7042
horseradish,9752
hospital,9016
hosting organization,914324
hot mustard,13915
hot sauce,199
hotel room,1673
houndstooth,4310
hours available,8666
house painter,9047047
http method,12110305
huckleberry,2667
iata code,125
ice cream shop,927320
identify,5410
idli podi,56
ignore action,4224
illustrator,69171
image gallery,3767
image object,376721
imagine,374
impress,3079
improve,3078
in broadcast lineup,4675291640
in language,46487
in playlist,406691
in stock,4912
in store only,49146
incentive compensation,494182304924
incentives,49418
include,4265
included composition,42655230324
included data catalog,4265551216
included in data catalog,42655451216
includes object,42656721
increase,4279
increase,4279
indian bay leaf,454660
indie folk,4502
indie pop,4500
indie rock,4572
indium,453
individual product,4587607521
industrial folk,45917602
industrial metal,459176316
industrial rock,45917672
industrial,459176
industry,45917
ineligible region,46766774
influence,40649
inform action,403224
inform,403
ingredients,47541
initial,426
inject,4721
injure,47
insert action,491224
install action,4916224
install url,4916976
instructor,491721
instrument,4917341
insurance agency,42749749
intangible,414466
intangible,414466
integer,417
intellectually satisfying,416212691904
intelligent drum and bass,4167415734569
intend,4145
interact action,41721224
interaction counter,417224241
interaction service,417224989
interaction statistic,417224911912
interaction type,41722410
interactivity type,417218110
interest rate,4179171
interest,41791
interfere,410
internet cafe,414120
interrupt,41701
introduce,417599
invent,4841
inventory level,48417686
investment or deposit,4893415031
invite action,481224
invite,481
invoice,489
irish linen,72644
irritate,711
is accessible for free,329966007
is accessory or spare part for,3299790010
is based on url,3694976
is based on,3694
is consumable for,324993660
is family friendly,30360746
is gift,301
is live broadcast,368675291
is part of,3018
is related to,376151
is similar to,39361
is variant of,387418
issue number,2436
issued by,26
issued through,207
italo dance,16549
italo disco,16592
italo house,169
item availability,1386661
item condition,1324524
item list element,136916341
item list order ascending,1369159459454
item list order descending,1369155945
item list order type,13691510
item list order,136915
item list unordered,13691455
item list,13691
item offered,130
item page,1307
item reviewed,13789
item shipped,1320
jackfruit,72071
jalapeno,6049
jamaican jerk spice,732472909
jazz blues,73663
jazz funk,73042
jazz fusion,730944
jazz rap,7370
jazz rock,7372
jerusalem artichoke,779631122
jewelry store,76791
jicama,23
job benefits,766401
job location,766224
job posting,760914
job title,76116
join action,74224
joule,76
judge,77
juicy,79
jujube,776
jump up,7300
juniper berry,74067
kente cloth,241260
kerseymere,233
ketchup,2120
kevlar,286
keywords,285
khaki drill,22576
kick,22
kidney bean,25464
kill,26
kimchi,2312
kiss,29
kiwi fruit,28071
kneel,46
knock,42
known vehicle damages,44826537
kohlrabi,2676
kosher diet,2251
krautrock,27172
kumquat,23281
label,666
lake body of water,6265881
lampas,6309
landform,6403
landlord,6465
landmarks or historical buildings,6432917266654
language,6487
lanthanum,64043
laser disc format,63592031
laser like,6362
last reviewed,691789
last,691
latin house,6149
latin jazz,61473
latitude,61195
laugh,60
launch,642
lavender,6845
lawrencium,67493
learn,64
learning resource type,64479910
leathery,697
leave action,68224
left hand driving,601455784
legal name,6643
legal service,66989
legislative building,6796186654
legume,693
lei code,625
lemon balm,63463
lemon grass,63479
lemon myrtle,634316
lemon pepper,63400
lemon verbena,634864
lemon,634
lend action,645224
lender,645
lentils,6416
lesser galangal,69646
lesser or equal,69286
lesser,69
lettuce,619
library,6677
license,6949
lighten,614
like action,62224
likely,626
lima bean,6364
lime,63
limited availability,631586661
line,64
linen,644
liquid funk,6285042
liquor store,6291
liquorice,6272
list item,69113
list,691
listen action,694224
listen,694
liter,61
literary event,6177841
lithium,603
live album,68663
live blog posting,68660914
live blog update,6866051
load,65
loan or credit,642751
loan term,6413
local business,6266349
locate,621
location created,6224271
location feature specification,62240129090224
location,6224
locker delivery,625687
locksmith,62930
loden,654
lodging business,6746349
lodging reservation,67473824
lodging unit description,6749415927024
lodging unit type,67494110
long pepper,6400
longitude,64195
look,62
loquat,6281
lose action,63224
loser,63
lovage,687
love,68
low calorie diet,626751
low fat diet,60151
low lactose diet,6621351
low price,6079
low ranking,67424
low salt diet,696151
lutetium,6123
lychee,612
lyricist,67991
lyrics,672
machine knitting,324414
madras,3579
magnesium,3433
main content of page,3424141807
main entity of page,34411807
main entity,34411
mainstream jazz,34917373
makes offer,320
male,36
male,36
mamey,33
manage,347
mandarine,34574
manganese,3443
mangetout,341
mango ginger,34747
mango pickle,34026
manufacturer,34902127
map category type,3021710
map type,3010
marjoram,3773
marry action,37224
mastic,3912
match,312
material,3176
math rock,3072
matter,31
max price,329079
max value,329869
maximum attendee capacity,329331452091
mayonnaise,343
meal service,36989
media object,356721
medical organization,35264324
medieval metal,3586316
medium ranking,3537424
medium,353
meitnerium,31473
melodic death metal,365250316
melt,361
member of,3368
member,336
members,336
membership number,33620436
memorise,3373
memory requirements,337728341
mendeleev,34560
mendelevium,345683
mens clothing store,269491
mentions,3424
menu item,34913
menu section,3499224
menu,349
merchant,31241
mercury,3297
merge,37
mesh,32
mess up,390
message attachment,397112341
message,397
microfiber,32706
microhouse,3436
middle school,356926
mignonette sauce,3494199
mileage from odometer,367073531
milk,362
min price,34079
min value,34869
minimum payment due,3433034159
mint,341
minus,349
minute,341
miss,39
mix,329
mixed spice,3291909
mixtape album,32910663
moan,34
mobile application,36606224
mobile phone store,3660491
modal jazz,35673
model,356
modified time,35013
moleskin,36924
molybdenum,366543
monday,345
monetary amount,3417341
monkey gland sauce,34264599
montreal steak seasoning,341769129344
moquette,321
mosque,392
most of,3918
motel,316
motorcycle dealer,3192656
motorcycle repair,3192670
mountain,3414
mourn,34
move action,38224
move,38
move,38
movie clip,38260
movie rental store,38741691
movie series,38973
movie theater,3801
movie,38
moving company,3842304
mud,35
muddle,356
mugwort,381
mulberry,3667
mulling spices,36909
multiple values,36106869
multiply,36106
multiply,36106
mumbo sauce,99
mung bean,3464
murder,35
museum,3933
mushroom ketchup,32732120
mushroom,3273
music album production type,393266307522410
music album release type,393266376910
music album,3932663
music arrangement,3932744341
music by,39326
music composition form,393223032403
music composition,3932230324
music event,3932841
music group member,393270336
music group,393270
music playlist,393206691
music recording,39327254
music release format type,393276903110
music release format,3932769031
music release,3932769
music store,393291
music venue,3932849
music video object,3932856721
musical key,393262
muslin,3364
mustard green,391574
mustard oil,39156
mustard,3915
musty,391
nail salon,46964
nainsook,4492
named position,430324
nankeen,4424
nationality,42461
navy bean,4864
nectarine,42174
need,45
negative,418
neo bop jazz,46073
neo psychedelia,49256
neo swing,4984
neodymium,4533
neptunium,401943
nest,491
net worth,4180
new age,497
new beat,4961
new condition,4924524
new prog,4907
new rave,4978
new wave,4988
new zealand spinach,4936459047
news article,493126
newton,4914
next item,429113
next,4291
ngo,47
nickel,426
nigella sativa,476
nigella,476
night club,41266
ninon,444
niobium,463
nobelium,4663
noise pop,4300
noise rock,4372
non equal,44286
none of,448
not at all,4116
notary,417
note digital document,415716529341
note,41
notice,419
novelty ragtime,4861713
nu disco,49592
nu jazz,4973
nu metal,49316
nu skool breaks,49672
null,46
num adults,561
num children,126574
number of airbags,43686
number of axles,4368296
number of beds,436865
number of doors,436853
number of employees,4368306
number of episodes,4368095
number of forward gears,4368085
number of items,436813
number of pages,436807
number of players,436806
number of previous owners,436807894
number of rooms,436873
number of seasons,4368934
number,436
numbered position,4360324
nut,41
nutmeg,413
nutrition information,49172440324
nutrition,491724
nutritional yeast,4917246991
nylon,464
oaked,21
object,6721
observe,638
obtain,614
occupancy,29049
occupational category,290246217
ocean body of water,2465881
offer catalog,0216
offer count,0241
offer item condition,01324524
office equipment store,0928034191
offline permanently,064034416
offline temporarily,064130776
oilskin,6924
okra,27
old bay seasoning,6569344
oldschool jungle,746
olefin,604
olive oil,686
olive,68
on demand event,45345841
on site pickup,491020
one of,848
onion powder,49405
onion,494
online full,46406
online only,46446
online,464
opening hours specification,0449090224
opening hours,044
operating system,0719913
opponent,0441
option,024
opulent,09641
orange,744
orchestral jazz,2917673
orchestral uplifting,2917606014
order action,5224
order cancelled,52496
order date,551
order delivered,5568
order delivery,55687
order in transit,5417491
order item number,513436
order item status,5139119
order number,5436
order payment due,5034159
order pickup available,50208666
order problem,507663
order processing,50799
order quantity,528411
order returned,5714
order status,59119
ordered item,513
organdy,45
organization role,432476
organization,4324
organization,4324
organize action,43224
organza,43
oriented strand board,7419174565
origin address,774579
osmium,333
osnaburg,346
ottoman,134
our folks,02
out of stock,18912
outlet store,16191
overflow,806
owned from,4073
owned through,407
ownership info,42040
oxford,2905
oxidized,2953
paddle,056
paduasoy,0599
page end,0745
page start,07911
pagination,07424
paint action,041224
painting,0414
paisley underground,03645745
paisley,036
palladium,0653
paperback,0062
paprika,0072
parallel strand lumber,076691745636
parcel delivery,0965687
parcel service,096989
parent audience,0741549
parent item,074113
parent organization,07414324
parent service,0741989
parent,0741
parking facility,020961
parking map,0230
parsley,096
parsnip,0940
part of episode,018095
part of invoice,018489
part of order,0185
part of season,018934
part of series,018973
part of tvseries,018
participant,019041
party size,0193
pascal,0926
pashmina,0234
pass,09
passenger priority status,094707719119
passenger sequence number,094792849436
paste,091
patty pan,0104
pause,03
pawn shop,0420
pay action,0224
payment accepted,034129015
payment automatically applied,034113126065
payment card,034125
payment charge specification,03411279090224
payment complete,034123061
payment declined,03415264
payment due date,03415951
payment due,034159
payment method id,03413055
payment method,0341305
payment past due,034109159
payment service,0341989
payment status type,0341911910
payment status,03419119
payment url,0341976
peach,012
pedal,056
peep,00
people audience,006549
pepper jelly,0076
percale,026
percent,0941
perform action,003224
performance role,0034976
performer in,0034
performer,003
performers,003
performing arts theater,003101
performing group,00370
perhaps,009
perilla,076076
period,075
periodical,07526
permission type,032410
permit audience,031549
permit,031
permitted usage,031997
persimmon,0934
person,094
person,094
peruvian pepper,078400
pet store,0191
pets allowed,016
pharmacy,039
phonetic,0412
photo,01
photograph action,0170224
photograph,0170
photos,01
physalis,0969
piccalilli,0266
pickled cucumber,026529236
pickled fruit,0265071
pickled onion,0265494
pickled pepper,026500
pickup location,0206224
pickup time,02013
pico de gallo,0256
pin stripes,049170
pine,04
pineapple,0406
pinto bean,04164
pixel,0296
place of worship,0698820
place,069
place,069
plan action,064224
plan,064
plant,0641
plastic laminate,069126341
plastic,06912
platinum,06143
play action,06224
play mode,0635
play,06
player type,0610
players online,06464
playground,06745
plush,062
plutonium,06143
plywood,0685
point,041
polar fleece,06069
police station,0699124
polish,062
polonium,0643
polyester,0691
polygon,064
polystyrene,069174
polyurethane,069704
pomegranate seed,0374195
pomegranate,03741
pomelo,036
pond,045
pongee,047
pop punk,00042
pop rock,0072
pop,00
popcorn seasoning,00249344
poplin,0064
poppy seed,0095
position,0324
possess,039
possibly,0966
post bop,09160
post britpop,09167100
post disco,091592
post grunge,091744
post hardcore,091
post metal,091316
post office box number,09109629436
post office,09109
post punk revival,0910427886
post punk,091042
post rock,09172
post,091
postal address,0916579
postal code,091625
potassium,0193
potato,011
potential action status,014262249119
potential action,01426224
powder douce,0559
power electronics,06217429
power metal,0316
power noise,043
power pop,000
powerful,006
practise,07219
praseodymium,073533
pray,07
pre order,075
pre sale,0796
preach,0712
precede,0795
predecessor of,075998
prefer,070
prep time,07013
prepare,070
prepend action,07045224
preschool,07926
present,07341
presentation digital document,07341245716529341
preserve,0738
pretend,07145
prevent,07841
previous item,078913
previous start date,078991151
previous,0789
price component,079230441
price currency,0792749
price range,079744
price specification,0799090224
price type,07910
price valid until,079865416
price,079
prick,072
primary image of page,073737807
print column,0741263
print edition,0741524
print page,074107
print section,07419224
print,0741
private,0781
processing time,079913
processor requirements,0799728341
produce,07599
produces,07599
product id,075215
product model,07521356
product supported,07521901
product,07521
product,07521
production company,0752242304
production date,07522451
professional service,070246989
proficiency level,070249686
profile page,070607
program membership used,33620935
program membership,33620
program name,43
programming language,077346487
programming model,07734356
progressive breaks,07798672
progressive drum bass,0779857369
progressive folk,0779802
progressive house,077989
progressive metal,07798316
progressive rock,0779872
progressive techno,07798124
progressive,07798
promethium,07303
promise,0739
property id,07015
property value specification,07018699090224
property value,0701869
protactinium,0712143
protect,07121
protein content,071424141
provide,0785
provider mobility,07853661
provider,0785
provides broadcast service,0785675291989
provides service,0785989
psychedelic folk,9256202
psychedelic rock,9256272
psychedelic trance,925621749
public holidays,066265
public swimming pool,0662983406
public,0662
publication event,066224841
publication issue,0662242
publication volume,0662248693
publication,066224
published on,06624
publisher,0662
publishing principles,06624074906
pull,06
pump,030
pumpkin pie spice,03240909
pumpkin,0324
puncture,0412
punish,042
punk jazz,04273
punk rock,04272
purchase date,012951
purple mangosteen,00634914
push,02
qualifications,2860224
qualitative value,286118869
quantitative value,2841118869
quantity,28411
quantity,28411
query,287
quest,2891
question,289124
quince,2849
quote action,281224
r news,493
race,79
radiate,751
radicchio,752
radio channel,751246
radio clip,75260
radio episode,75095
radio season,75934
radio series,75973
radio station,759124
radish,752
radium,753
raga rock,772
ragga jungle,7746
ragtime,713
raisiny,734
rambutan,73614
rammed earth,730
rank,742
rap metal,70316
rap rock,7072
raspberry,7367
rating count,714241
rating value,714869
reach,712
react action,721224
read action,75224
read permission,750324
readonly value,869
real estate agent,76911741
realise,763
rear wheel drive configuration,786578240724
receive action,798224
receive,798
recently,79416
recipe category,790217
recipe cuisine,7902834
recipe ingredient,79047541
recipe instructions,7904917224
recipe yield,790965
recipe,790
recipient,79041
recognise,7243
record label,725666
record,725
recorded as,7253
recorded at,7251
recorded in,7254
recording of,72548
recycling center,7926941
redcurrant,752741
reduce,7599
reference quantity,7074928411
references order,707495
refined,7045
reflect,70621
refurbished condition,706224524
refuse,7093
regions allowed,7746
register action,7791224
regret,771
reign,74
reject action,7721224
reject,7721
reject,7721
rejoice,779
related link,7615642
related to,76151
relax,7629
release date,76951
release notes,76941
release of,7698
release,769
released event,769841
relish,762
remain,734
remaining attendee capacity,73441452091
remember,7336
remind,7345
remix album,7329663
remoulade,7365
remove,738
remove,738
rent action,741224
rental car reservation,7416273824
replace action,7069224
replace,7069
replacer,7069
reply action,706224
reply to url,7061976
reply,706
report number,701436
report,701
representative of page,70734118807
reproduce,707599
request,72891
require,728
required collateral,728526176
required gender,7285745
required max age,72853297
required min age,7285347
requirements,728341
requires subscription,72896927024
rescue,7929
researcher,7912
reservation cancelled,738242496
reservation confirmed,7382424035
reservation for,738240
reservation hold,7382465
reservation id,738245
reservation package,73824027
reservation pending,738240454
reservation status type,73824911910
reservation status,738249119
reservation,73824
reserve action,738224
reserved ticket,7385121
reservoir,7388
residence,73549
resort,731
responsibilities,79049661
restaurant,791741
restricted diet,791721551
result comment,73612341
result review,7361789
result,7361
resume action,7393224
reticent,71941
retire,71
return action,714224
return,714
review action,789224
review body,78965
review count,789241
review rating,789714
review,789
reviewed by,7896
reviews,789
rhenium,743
rhodium,753
rhubarb,766
rhyme,73
rich,712
right hand driving,71455784
rinse,749
riot grrrl,71776
ripstop,70910
risk,792
river body of water,7865881
robot,761
rock and roll,724576
rock in opposition,7240324
rock melon,72364
roentgenium,74143
role name,7643
roofing contractor,704241721
rose,73
rosemary,7337
rot,71
rough,70
round,745
rsvp action,7980224
rsvp response maybe,79807904936
rsvp response no,7980790494
rsvp response type,79807904910
rsvp response yes,79807904999
rsvp response,798079049
rubidium,7653
ruin,74
rule,76
runner bean,7464
runtime platform,741306103
runtime,7413
rush,72
russell cord,79625
rutabaga,716
ruthenium,7043
rutherfordium,79053
saffron,9074
sage,97
salad cream,965273
salad dressing,9655794
salal berry,96667
salary currency,9672749
salsa golf,96960
salsa,969
salt and pepper,9614500
salt,961
samarium,9373
sambal,9366
same as,933
samite,931
sample type,930610
sarsaparilla,99076
sassafras,99079
sateen,914
satisfactory,9190217
satisfy,9190
satsuma,9193
saturated fat content,9127150124141
saturday,915
sauerkraut,9271
save,98
savory,987
scallion,9264
scandium,92453
scarce,929
scarlet,9261
scatter,921
schedule action,2596224
scheduled payment date,25965034151
scheduled time,2596513
schema version,923824
scholarly article,9266126
scold,9265
scorch,9212
scrape,9270
scratch,92712
screen count,9274241
screening event,92744841
screenshot,927421
screw,927
scribble,92766
scrim,9273
scrub,9276
sculpture,926012
sea body of water,965881
sea silk,9962
seaborgium,963
search action,912224
search results page,912736107
search,912
season number,934436
season,934
seasons,934
seat number,91436
seat row,917
seat section,919224
seating map,91430
seating type,91410
second,9245
security screening,9297192744
seersucker,992
self storage,9609177
sell action,96224
send action,945224
serge,97
serial number,976436
series,973
serve,98
server status,989119
serves cuisine,982834
service area,9897
service audience,989549
service channel,9891246
service location,9896224
service operator,989071
service output,989101
service phone,98904
service postal address,9890916579
service sms number,989939436
service type,98910
service url,989976
service,989
serving size,98493
sesame oil,9936
sesame,993
shade,25
share action,2224
shared content,224141
sharena sol,9696
shave,28
shelter,261
shiplap,2060
shiso,29
shiver,28
shock,22
shoe store,291
shoegaze,234
shop,20
shopping center,204941
shot silk,21962
shrug,27
sibling,9664
siblings,9664
sichuan pepper,9128400
signal,946
significant link,940241642
significant links,9402416429
silk,962
silky,962
silver,968
single family residence,94603673549
single player,94606
single release,946769
sisal,996
site navigation element,9148246341
sixty minutes,9291341
ska jazz,9273
ska punk,92042
skate punk,921042
ski resort,92731
ski,92
skills,926
skip,920
skirret,9271
sku,92929
slip,960
sludge metal,967316
smile,936
smokey,932
smoking allowed,93246
smooth jazz,93973
smooth,939
snap pea,9400
snatch,9412
sneeze,943
sniff,940
social event,926841
social media posting,926350914
sodium content,95324141
sodium,953
soft rock,90172
software add on,90854
software application,90806224
software help,90860
software requirements,908728341
software source code,9089925
software version,908824
sold out,9651
some of,938
some products,9307521
sorrel,976
sort,91
soul jazz,9673
sound art,9451
sound,945
soundtrack album,94172663
source organization,994324
southern rock,99472
soy bean,964
soy sauce,999
space disco,909592
space house,9099
space rock,90972
spaghetti squash,9019282
spandex,904529
spare,90
spark,902
spatial coverage,90262877
spatial,9026
special commitments,9026231341
special opening hours specification,90260449090224
specialty,90261
speed garage,90574
speed metal,905316
spider silk,905962
spinach,9047
spoil,906
spoken word album,902485663
sponsor,9049
sporting goods store,9014591
sports activity location,90121816224
sports club,901266
sports event,901841
sports organization,9014324
sports team,90113
spot,901
spouse,903
spray,907
spreadsheet digital document,9075215716529341
sprout,9071
square,928
squeak,9282
squeal,9286
squeeze,9283
sriracha,9712
stack exchange,912291247
stadium or arena,915374
stamp,9130
star anise,9149
star fruit,91071
star rating,91714
start date,91151
start time,91113
state,911
status,9119
steak sauce,91299
steering position value,91740324869
steering position,91740324
step value,910869
sti accommodation ontology,235244167
sticker,912
stitch,9112
stone,914
stoner rock,91472
stop,910
stop,910
storage requirements,9177728341
store,91
straight ahead jazz,9171573
strawberry,91767
street address,9171579
street punk,9171042
strengthen,917404
stretch,91712
stride jazz,917573
strip,9170
strontium,917413
structured value,917212869
structured,917212
stub tex,916
studio album,9195663
stuff,910
styrofoam,91703
sub event,96841
sub events,96841
sub organization,964324
sub reservation,9673824
subscribe action,969276224
subtitle language,961166487
subtract,961721
subway station,9689124
succeed,9295
successor of,92998
suck,92
suffer,90
sugar content,224141
suggest,9791
suggested answer,979149
suggested gender,9791745
suggested max age,97913297
suggested min age,9791347
suit,91
suitable for diet,9166051
sumac,932
sunday,945
sung poetry,94017
super event,90841
supply,906
support,901
supporting data,90151
suppose,903
surf rock,9072
surface,909
surprise,9073
surround,9745
suspect,99021
suspend action,99045224
suspend,99045
sweet chilli sauce,98112699
sweet potato,981011
sweet,981
swing house,9849
swing,984
switch,9812
symphonic metal,93042316
synagogue,94
syrup,970
tabasco pepper,169200
table,166
taffeta,101
take action,12224
tamarillo,1376
tamarind,13745
tandoori masala,1457396
tangerine,14474
tannic,142
tantalum,14163
target collection,1126224
target description,115927024
target name,1143
target platform,1106103
target product,1107521
target url,11976
taro,17
tarragon,174
tart,11
tartan,114
tartar sauce,1199
tasmanian pepper,1334400
tattersall,1196
tattoo parlor,1106
tax id,1295
taxi reservation,12973824
taxi service,129989
taxi stand,1299145
tech article,12126
tech house,129
tech trance,121749
technetium,12423
technical death metal,1242650316
techno dnb,124
techno folk,12402
telephone,1604
television channel,168441246
television station,168449124
temporal coverage,130762877
temporal,13076
tempt,131
tennis complex,149230629
teriyaki sauce,179299
terra cotta,1721
terrazzo,1719
terrify,170
tewkesbury mustard,3915
text digital document,12915716529341
text,1291
thai basil,1636
thallium,063
thank,042
theater event,01841
theater group,0170
therefore,90
these folks,9302
thing,04
thing,04
third stream,059173
this,99
thorium,073
thrash metal,072316
thulium,063
thumbnail url,0346976
thumbnail,0346
thursday,035
thyme,13
tick,12
ticker symbol,129366
ticket number,121436
ticket token,121124
ticket,121
ticketed seat,12191
tickle,126
tie action,1224
tight,11
timber,136
time required,137285
time,13
tin,14
tip action,10224
tip,10
tire shop,120
titanium,1143
title,116
to location,16224
toasty,191
toll free,1607
tomato,131
tonka bean,64
total payment due,116034159
total price,116079
total time,11613
touch,112
tourist attraction,179117224
tourist information center,179140324941
toy store,191
toytown techno,114124
trace,179
track action,172224
tracking number,1724436
tracking url,1724976
tracks,172
trad jazz,17573
trade action,175224
trade,175
traditional doom,17524653
trailer,176
train name,17443
train number,174436
train reservation,17473824
train station,1749124
train trip,174170
train,174
trance,1749
trans fat content,17430124141
transcript,17492701
transfer action,17490224
transit map,1749130
translate,174961
translator,174961
transparent,17490741
transport,174901
travel action,1786224
travel agency,1786749
travel,1786
treat,171
tremble,17366
tribal house,17669
trick,172
trip hop,1700
trip,170
trot,171
trouble,1766
trust,1791
try,17
tubers,196
tuesday,1935
tulle,16
tumble,1366
tungsten,14914
turmeric,1372
turn,14
turnip,140
twee pop,1800
tweed,185
twenty four hour,18410
twill,186
twist,1891
type and quantity node,10452841145
type of bed,10865
type of good,1085
type,10
typical age range,10267744
ugli fruit,071
un register action,47791224
unblemished,466321
unctuous,4199
under name,4543
undress,4579
unfasten,4094
unicode,9425
unit code,94125
unit price specification,9410799090224
unit text,9411291
unite,941
unknown,444
unlikely,4626
unlock,462
unlocked,4621
unpack,402
unsatisfactory,49190217
unsaturated fat content,49127150124141
untidy,415
update action,051224
uplifting trance,060141749
upload date,06551
upvote count,081241
uranium,9743
urbanite,641
url template,97613061
url,976
use action,93224
used condition,93524524
user blocks,93662
user checkins,931224
user comments,932341
user downloads,935465
user interaction count,93417224241
user interaction,93417224
user likes,9362
user page visits,9307831
user plays,9306
user plus ones,9306984
user tweets,93181
valid for,8650
valid from,865073
valid in,8654
valid through,86507
valid until,865416
value added tax included,869512942655
value max length,869329640
value min length,86934640
value name,86943
value pattern,869014
value reference,86970749
value required,8697285
value,869
vanadium,8453
vanilla,846
vanillin,8464
vat id,815
vegan diet,8451
vegetable flannel,871660646
vegetal,8716
vegetarian diet,8717451
vehicle configuration,826240724
vehicle engine,826474
vehicle identification number,8265410224436
vehicle interior color,82641726
vehicle interior type,82641710
vehicle model date,82635651
vehicle seating capacity,8269142091
vehicle special usage,8269026997
vehicle transmission,8261743324
vehicle,826
velvet,8681
velveteen,86814
velvety,8681
venue map,84930
verify,870
version,824
video format,85031
video frame size,8507393
video gallery,8567
video game clip,853260
video game series,853973
video game,853
video object,856721
video quality,852861
video,85
vietnamese coriander,814332745
view action,89224
viking metal,824316
vino cotto,8484
vinyl coated polyester,846210691
vinyl format,846031
visit,831
visual arts event,8461841
visual artwork,846182
vocal house,8269
vocal jazz,82673
vocal trance,8261749
volcano,8624
volt,861
volume number,8693436
vote action,81224
wallpaper,8600
want action,841224
want,841
warm,83
warranty promise,87410739
warranty scope,8741920
warranty,8741
wasabi,896
waste,891
watch action,812224
watch,812
watch,812
water chestnut,8112941
water,81
watercress,81279
waterfall,8106
watermelon rind preserves,813647450738
watermelon,81364
watt,81
wave,88
wear action,8224
web application,8606224
web checkin time,86122413
web page element,86076341
web page,8607
web site,8691
wednesday,8435
weight,81
welcome,8623
west coast jazz,89129173
western,8914
whipcord,8025
whirl,86
whisper,890
whistle,896
white mustard,813915
white peppercorn,810024
white radish,81752
wholesale store,69691
width,810
wigan,84
wiki doc,8252
wiki,82
win action,84224
winery,847
wink,842
winner,84
wipe,80
wire rope,870
witch house,81257
with,89
without,891
wobble,866
wonder,845
wood,85
woodruff,8570
wool,86
word count,85241
work example,823306
work featured,820125
work hours,82
work location,826224
work performed,82003
work presented,8207341
works for,820
world fusion,8650944
worry,87
worst rating,891714
wpad block,662
wrap,70
wreck,72
wrestle,796
wriggle,76
write action,71224
write permission,710324
x ray,37
xo sauce,99
yacht rock,9172
yam,93
yawn,94
yearly revenue,967849
years in operation,940724
yell,96
yorkshire bleeps and bass,9226604569
your folks,902
ytterbium,163
yttrium,173
yuzu,93
zedoary,357
zephyr,30
zest,391
zibeline,3664
zinc,342
zip,30
zirconium,3243
zone boarding policy,34654069
zoom in,334
zoom out,331
zoom,33
zucchini,324
